{"calib_lengths": {"0": [43.49514389038086, 13.100435256958008, -5.073858737945557, 5.565645217895508], "1": [-6.268825531005859, 23.692869186401367, -14.41347885131836, -24.904441833496094], "2": [-28.828237533569336, -18.175888061523438, 20.303613662719727, -10.39503288269043], "3": [-11.350807189941406, -21.766849756240845, -3.348001480102539, 27.36037826538086]}, "geometry": {"height": 30.440857410430908, "width": 38.30663347244263, "diag": 48.85634821653366}}