{
  "calib_lengths": {
    "0": [
      1.0843755006790161,
      -28.9697322845459,
      -47.45396041870117,
      -36.8834228515625
    ],
    "1": [
      -28.638891220092773,
      1.4186040163040161,
      -36.89344024658203,
      -47.00082778930664
    ],
    "2": [
      -47.25452423095703,
      -36.826072692871094,
      1.3464642763137817,
      -28.572877883911133
    ],
    "3": [
      -36.63526916503906,
      -47.06068801879883,
      -28.764556884765625,
      1.4369183778762817
    ]
  }
}