{
  "calib_lengths": {
    "0": [
      1.1528167724609375,
      -28.9697322845459,
      -47.45396041870117,
      -36.8834228515625
    ],
    "1": [
      -28.638891220092773,
      1.5225067138671875,
      -36.89344024658203,
      -47.00082778930664
    ],
    "2": [
      -47.25452423095703,
      -36.826072692871094,
      1.4541093111038208,
      -28.572877883911133
    ],
    "3": [
      -36.63526916503906,
      -47.06068801879883,
      -28.764556884765625,
      1.6380330324172974
    ]
  },
  "notes": "after pulling all the way out to diagonal, I reset the 0.  It might be worse because the previous measurements were not pulled out this way.  Not sure."
}